Timestamp,GPU Name,GPU Util (%),VRAM Used (MB),VRAM Total (MB),Temp (C)
2026-09-01 17:39:52,NVIDIA GeForce RTX 5070 Laptop GPU,0.0,0.0,8151.0,47.0
2026-09-01 17:48:22,NVIDIA GeForce RTX 5070 Laptop GPU,0.0,0.0,8151.0,45.0
2026-09-01 17:48:35,NVIDIA GeForce RTX 5070 Laptop GPU,0.0,0.0,8151.0,45.0
2026-09-01 17:48:46,NVIDIA GeForce RTX 5070 Laptop GPU,0.0,0.0,8151.0,45.0
2026-09-01 17:48:56,NVIDIA GeForce RTX 5070 Laptop GPU,0.0,0.0,8151.0,45.0
2026-09-01 17:51:07,NVIDIA GeForce RTX 5070 Laptop GPU,0.0,0.0,8151.0,47.0
2026-09-01 17:51:18,NVIDIA GeForce RTX 5070 Laptop GPU,0.0,160.0,8151.0,47.0
2026-09-01 17:51:28,NVIDIA GeForce RTX 5070 Laptop GPU,0.0,160.0,8151.0,46.0
2026-09-01 17:51:38,NVIDIA GeForce RTX 5070 Laptop GPU,0.0,160.0,8151.0,46.0
2026-09-01 17:51:48,NVIDIA GeForce RTX 5070 Laptop GPU,0.0,160.0,8151.0,46.0
2026-09-01 17:51:59,NVIDIA GeForce RTX 5070 Laptop GPU,0.0,160.0,8151.0,45.0
2026-09-01 17:52:09,NVIDIA GeForce RTX 5070 Laptop GPU,0.0,160.0,8151.0,44.0
2026-09-01 17:52:19,NVIDIA GeForce RTX 5070 Laptop GPU,0.0,160.0,8151.0,44.0
2026-09-01 17:52:29,NVIDIA GeForce RTX 5070 Laptop GPU,0.0,160.0,8151.0,44.0
2026-09-01 17:52:39,NVIDIA GeForce RTX 5070 Laptop GPU,0.0,160.0,8151.0,43.0
2026-09-01 17:52:49,NVIDIA GeForce RTX 5070 Laptop GPU,0.0,160.0,8151.0,43.0
2026-09-01 17:52:59,NVIDIA GeForce RTX 5070 Laptop GPU,0.0,160.0,8151.0,43.0
2026-09-01 17:53:09,NVIDIA GeForce RTX 5070 Laptop GPU,0.0,160.0,8151.0,43.0
2026-09-01 17:53:19,NVIDIA GeForce RTX 5070 Laptop GPU,0.0,160.0,8151.0,43.0
2026-09-01 17:53:29,NVIDIA GeForce RTX 5070 Laptop GPU,0.0,160.0,8151.0,43.0
2026-09-01 17:53:39,NVIDIA GeForce RTX 5070 Laptop GPU,0.0,160.0,8151.0,42.0
2026-09-01 17:53:50,NVIDIA GeForce RTX 5070 Laptop GPU,0.0,160.0,8151.0,42.0
2026-09-01 17:54:00,NVIDIA GeForce RTX 5070 Laptop GPU,0.0,160.0,8151.0,42.0
2026-09-01 17:54:10,NVIDIA GeForce RTX 5070 Laptop GPU,0.0,160.0,8151.0,43.0
2026-09-01 17:54:20,NVIDIA GeForce RTX 5070 Laptop GPU,0.0,160.0,8151.0,44.0
2026-09-01 17:54:30,NVIDIA GeForce RTX 5070 Laptop GPU,0.0,160.0,8151.0,45.0
2026-09-01 17:54:40,NVIDIA GeForce RTX 5070 Laptop GPU,0.0,160.0,8151.0,45.0
2026-09-01 17:54:50,NVIDIA GeForce RTX 5070 Laptop GPU,0.0,160.0,8151.0,45.0
2026-09-01 17:55:00,NVIDIA GeForce RTX 5070 Laptop GPU,0.0,160.0,8151.0,46.0
2026-09-01 17:55:10,NVIDIA GeForce RTX 5070 Laptop GPU,0.0,160.0,8151.0,46.0
2026-09-01 17:55:21,NVIDIA GeForce RTX 5070 Laptop GPU,0.0,160.0,8151.0,46.0
2026-09-01 17:55:31,NVIDIA GeForce RTX 5070 Laptop GPU,0.0,160.0,8151.0,47.0
2026-09-01 17:55:41,NVIDIA GeForce RTX 5070 Laptop GPU,0.0,160.0,8151.0,48.0
2026-09-01 17:55:51,NVIDIA GeForce RTX 5070 Laptop GPU,0.0,160.0,8151.0,49.0
2026-09-01 17:56:01,NVIDIA GeForce RTX 5070 Laptop GPU,0.0,160.0,8151.0,49.0
2026-09-01 17:56:11,NVIDIA GeForce RTX 5070 Laptop GPU,0.0,160.0,8151.0,49.0
2026-09-01 17:56:21,NVIDIA GeForce RTX 5070 Laptop GPU,0.0,160.0,8151.0,49.0
2026-09-01 17:56:31,NVIDIA GeForce RTX 5070 Laptop GPU,0.0,160.0,8151.0,50.0
2026-09-01 17:56:41,NVIDIA GeForce RTX 5070 Laptop GPU,0.0,160.0,8151.0,50.0
2026-09-01 17:56:51,NVIDIA GeForce RTX 5070 Laptop GPU,0.0,160.0,8151.0,51.0
2026-09-01 17:57:02,NVIDIA GeForce RTX 5070 Laptop GPU,0.0,160.0,8151.0,51.0
2026-09-01 17:57:12,NVIDIA GeForce RTX 5070 Laptop GPU,0.0,160.0,8151.0,51.0
2026-09-01 17:57:22,NVIDIA GeForce RTX 5070 Laptop GPU,0.0,160.0,8151.0,51.0
2026-09-01 17:57:32,NVIDIA GeForce RTX 5070 Laptop GPU,0.0,160.0,8151.0,49.0
2026-09-01 17:57:42,NVIDIA GeForce RTX 5070 Laptop GPU,0.0,160.0,8151.0,48.0
2026-09-01 17:57:52,NVIDIA GeForce RTX 5070 Laptop GPU,0.0,160.0,8151.0,47.0
2026-09-01 17:58:02,NVIDIA GeForce RTX 5070 Laptop GPU,0.0,160.0,8151.0,47.0
2026-09-01 17:58:12,NVIDIA GeForce RTX 5070 Laptop GPU,0.0,160.0,8151.0,46.0
2026-09-01 17:58:22,NVIDIA GeForce RTX 5070 Laptop GPU,0.0,160.0,8151.0,46.0
2026-09-01 17:58:32,NVIDIA GeForce RTX 5070 Laptop GPU,0.0,160.0,8151.0,45.0
2026-09-01 17:58:42,NVIDIA GeForce RTX 5070 Laptop GPU,0.0,160.0,8151.0,45.0
2026-09-01 17:58:53,NVIDIA GeForce RTX 5070 Laptop GPU,0.0,160.0,8151.0,44.0
2026-09-01 17:59:03,NVIDIA GeForce RTX 5070 Laptop GPU,0.0,160.0,8151.0,44.0
2026-09-01 17:59:13,NVIDIA GeForce RTX 5070 Laptop GPU,0.0,160.0,8151.0,43.0
2026-09-01 17:59:23,NVIDIA GeForce RTX 5070 Laptop GPU,0.0,160.0,8151.0,43.0
2026-09-01 17:59:33,NVIDIA GeForce RTX 5070 Laptop GPU,0.0,160.0,8151.0,43.0
2026-09-01 17:59:43,NVIDIA GeForce RTX 5070 Laptop GPU,0.0,160.0,8151.0,42.0
2026-09-01 17:59:53,NVIDIA GeForce RTX 5070 Laptop GPU,0.0,160.0,8151.0,42.0
2026-09-01 18:00:03,NVIDIA GeForce RTX 5070 Laptop GPU,0.0,160.0,8151.0,42.0
2026-09-01 18:00:13,NVIDIA GeForce RTX 5070 Laptop GPU,0.0,160.0,8151.0,42.0
2026-09-01 18:00:23,NVIDIA GeForce RTX 5070 Laptop GPU,0.0,160.0,8151.0,42.0
2026-09-01 18:00:33,NVIDIA GeForce RTX 5070 Laptop GPU,0.0,160.0,8151.0,42.0
2026-09-01 18:00:44,NVIDIA GeForce RTX 5070 Laptop GPU,0.0,160.0,8151.0,41.0
2026-09-01 18:00:54,NVIDIA GeForce RTX 5070 Laptop GPU,0.0,160.0,8151.0,42.0
2026-09-01 18:01:04,NVIDIA GeForce RTX 5070 Laptop GPU,0.0,160.0,8151.0,43.0
2026-09-01 18:01:14,NVIDIA GeForce RTX 5070 Laptop GPU,0.0,160.0,8151.0,44.0
2026-09-01 18:01:24,NVIDIA GeForce RTX 5070 Laptop GPU,0.0,160.0,8151.0,44.0
2026-09-01 18:01:34,NVIDIA GeForce RTX 5070 Laptop GPU,0.0,160.0,8151.0,46.0
2026-09-01 18:01:44,NVIDIA GeForce RTX 5070 Laptop GPU,0.0,160.0,8151.0,47.0
2026-09-01 18:01:54,NVIDIA GeForce RTX 5070 Laptop GPU,0.0,160.0,8151.0,47.0
2026-09-01 18:02:04,NVIDIA GeForce RTX 5070 Laptop GPU,0.0,160.0,8151.0,48.0
2026-09-01 18:02:14,NVIDIA GeForce RTX 5070 Laptop GPU,0.0,160.0,8151.0,48.0
2026-09-01 18:02:25,NVIDIA GeForce RTX 5070 Laptop GPU,0.0,160.0,8151.0,48.0
2026-09-01 18:02:35,NVIDIA GeForce RTX 5070 Laptop GPU,0.0,160.0,8151.0,48.0
2026-09-01 18:02:45,NVIDIA GeForce RTX 5070 Laptop GPU,0.0,160.0,8151.0,48.0
2026-09-01 18:02:55,NVIDIA GeForce RTX 5070 Laptop GPU,0.0,160.0,8151.0,49.0
2026-09-01 18:03:05,NVIDIA GeForce RTX 5070 Laptop GPU,0.0,160.0,8151.0,49.0
2026-09-01 18:03:15,NVIDIA GeForce RTX 5070 Laptop GPU,0.0,160.0,8151.0,49.0
2026-09-01 18:03:25,NVIDIA GeForce RTX 5070 Laptop GPU,0.0,160.0,8151.0,50.0
2026-09-01 18:03:35,NVIDIA GeForce RTX 5070 Laptop GPU,0.0,160.0,8151.0,50.0
2026-09-01 18:03:45,NVIDIA GeForce RTX 5070 Laptop GPU,0.0,160.0,8151.0,50.0
2026-09-01 18:03:55,NVIDIA GeForce RTX 5070 Laptop GPU,0.0,160.0,8151.0,51.0
2026-09-01 18:04:05,NVIDIA GeForce RTX 5070 Laptop GPU,0.0,160.0,8151.0,51.0
2026-09-01 18:04:15,NVIDIA GeForce RTX 5070 Laptop GPU,0.0,160.0,8151.0,51.0
2026-09-01 18:04:26,NVIDIA GeForce RTX 5070 Laptop GPU,0.0,160.0,8151.0,52.0
2026-09-01 18:04:36,NVIDIA GeForce RTX 5070 Laptop GPU,0.0,160.0,8151.0,52.0
2026-09-01 18:04:46,NVIDIA GeForce RTX 5070 Laptop GPU,0.0,160.0,8151.0,53.0
2026-09-01 18:04:56,NVIDIA GeForce RTX 5070 Laptop GPU,0.0,160.0,8151.0,54.0
2026-09-01 18:05:06,NVIDIA GeForce RTX 5070 Laptop GPU,0.0,160.0,8151.0,54.0
2026-09-01 18:05:16,NVIDIA GeForce RTX 5070 Laptop GPU,0.0,160.0,8151.0,53.0
2026-09-01 18:05:26,NVIDIA GeForce RTX 5070 Laptop GPU,0.0,160.0,8151.0,53.0
2026-09-01 18:05:36,NVIDIA GeForce RTX 5070 Laptop GPU,0.0,160.0,8151.0,53.0
