札番号,元の漢字,元のひらがな,元の現代語,単語数（制限なし）,総文字数（制限なし）,決まり字,現代語発音（全体）,漢字パーツ(1句目),ひらがなパーツ(1句目)
1,秋の田の　かりほの庵の　苫をあらみ,あきのたの　かりほのいほの　とまをあらみ,,9,22,あきの,,秋の 秋の田 田の の田の,あき のた のたの たの
2,春過ぎて　夏来にけらし　　白妙の,はるすぎて　なつきにけらし　　しろたへの,,8,20,はるす,,春過 春過ぎ ぎて 過ぎて,はる すぎ すぎて
3,あしびきの　山鳥の尾の　しだり尾の,あしびきの　やまどりのをの　しだりをの,,5,12,あし,,あしび きの びきの,びき
4,田子の浦に　うち出でて見れば　白妙の,たごのうらに　うちいでてみれば　しろたへの,,8,19,たご,,田子 田子の 浦に の浦に,のう うらに らに
5,奥山に　紅葉踏み分け　鳴く鹿の,おくやまに　もみぢふみわけ　なくしかの,,7,16,おく,,奥山 奥山に 山に,やま やまに まに
6,鵲の　渡せる橋に　置く霜の,かささぎの　わたせるはしに　おくしもの,,5,11,かさ,,鵲の,さぎ さぎの ぎの
7,天の原　ふりさけ見れば　春日なる,あまのはら　ふりさけみれば　かすがなる,,8,19,あまの,,天の 天の原 の原,あま のは のはら はら
8,わが庵は　都の辰巳　しかぞ住む,わがいほは　みやこのたつみ　しかぞすむ,,8,20,わがい,,わが わが庵 庵は が庵は,いほ いほは ほは
9,花の色は　移りにけりな　いたづらに,はなのいろは　うつりにけりな　いたづらに,,9,22,はなの,,花の 花の色 色は の色は,はな のい いろは ろは
10,これやこの　行くも帰るも　別れては,これやこの　いくもかへるも　わかれては,,5,12,これ,,これや この やこの,やこ
11,わたの原　八十島かけて　漕ぎ出でぬと,わたのはら　やそしまかけて　こぎいでぬと,,8,23,わたのはらや,,わた わたの の原 たの原,のは のはら はら
12,天つ風　雲の通ひ路　吹き閉ぢよ,あまつかぜ　くものかよひぢ　ふきとぢよ,,8,19,あまつ,,天つ 天つ風 つ風,あま つか つかぜ かぜ
13,筑波嶺の　峰より落つる　男女川,つくばねの　みねよりおつる　みなのがは,,8,19,つく,,筑波 筑波嶺 嶺の 波嶺の,ばね ばねの ねの
14,陸奥の　しのぶもぢずり　誰ゆゑに,みちのくの　しのぶもぢずり　たれゆゑに,,7,16,みち,,陸奥 陸奥の 奥の,のく のくの くの
15,君がため　春の野に出でて　若菜摘む,きみがため　はるののにいでて　わかなつむ,,7,20,きみがためは,,君が 君がた ため がため,きみ がた
16,立ち別れ　いなばの山の　峰に生ふる,たちわかれ　いなばのやまの　みねにおふる,,8,19,たち,,立ち 立ち別 別れ ち別れ,わか わかれ かれ
17,ちはやぶる　神代も聞かず　竜田川,ちはやぶる　かみよもきかず　たつたがわ,,5,12,ちは,,ちはや ぶる やぶる,やぶ
18,住の江の　岸に寄る波　よるさへや,すみのえの　きしによるなみ　よるさへや,,9,20,す,,住の 住の江 江の の江の,すみ のえ のえの えの
19,難波潟　短き蘆の　ふしの間も,なにはがた　みじかきあしの　ふしのまも,,8,20,なにはが,,難波 難波潟 波潟,なに はが はがた がた
20,わびぬれば　今はたおなじ　難波なる,わびぬれば　いまはたおなじ　なにはなる,,5,12,わび,,わびぬ れば ぬれば,ぬれ
21,今来むと　言ひしばかりに　長月の,いまこむと　いひしばかりに　ながつきの,,8,20,いまこ,,今来 今来む むと 来むと,いま こむ こむと
22,吹くからに　秋の草木の　しをるれば,ふくからに　あきのくさきの　しをるれば,,7,15,ふ,,吹く 吹くか らに からに,ふく から
23,月見れば　ちぢにものこそ　悲しけれ,つきみれば　ちぢにものこそ　かなしけれ,,7,17,つき,,月見 月見れ れば 見れば,みれ みれば
24,このたびは　ぬさも取りあへず　手向山,このたびは　ぬさもとりあへず　たむけやま,,5,12,この,,このた びは たびは,たび
25,名にし負はば　逢坂山の　さねかづら,なにしおはば　あふさかやまの　さねかづら,,8,20,なにし,,名に 名にし はば 負はば,なに しお おはば
26,小倉山　峰のもみぢ葉　心あらば,をぐらやま　みねのもみぢば　こころあらば,おぐ,8,18,をぐ,おぐ,小倉 小倉山 倉山,らや らやま やま
27,みかの原　わきて流るる　泉川,みかのはら　わきてながるる　いづみがは,,7,17,みかの,,みか の原 かの原,のは のはら はら
28,山里は　冬ぞ寂しさ　まさりける,やまざとは　ふゆぞさびしさ　まさりける,,8,19,やまざ,,山里 山里は 里は,やま ざと ざとは とは
29,心あてに　折らばや折らむ　初霜の,こころあてに　をらばやをらむ　はつしもの,,7,18,こころあ,,心あ 心あて てに あてに,ここ ろあ
30,有明の　つれなく見えし　別れより,ありあけの　つれなくみえし　わかれより,,8,19,ありあ,,有明 有明の 明の,あり あけ あけの けの
31,朝ぼらけ　有明の月と　見るまでに,あさぼらけ　ありあけのつきと　みるまでに,,7,20,あさぼらけあ,,朝ぼ 朝ぼら らけ ぼらけ,あさ ぼら
32,山川に　風のかけたる　しがらみは,やまがわに　かぜのかけたる　しがらみは,,8,19,やまが,,山川 山川に 川に,やま がわ がわに わに
33,ひさかたの　光のどけき　春の日に,ひさかたの　ひかりのどけき　はるのひに,,5,12,ひさ,,ひさか たの かたの,かた
34,誰をかも　知る人にせむ　高砂の,たれをかも　しるひとにせむ　たかさごの,,6,14,たれ,,誰を 誰をか かも をかも,をか
35,人はいさ　心も知らず　ふるさとは,ひとはいさ　こころもしらず　ふるさとは,,7,17,ひとは,,人は 人はい いさ はいさ,ひと はい
36,夏の夜は　まだ宵ながら　明けぬるを,なつのよは　まだよひながら　あけぬるを,,8,19,なつ,,夏の 夏の夜 夜は の夜は,のよ のよは よは
37,白露に　風の吹きしく　秋の野は,しらつゆに　かぜのふきしく　あきののは,,7,16,しら,,白露 白露に 露に,つゆ つゆに ゆに
38,忘らるる　身をば思はず　誓ひてし,わすらるる　みをばおもはず　ちかひてし,,7,17,わすら,,忘ら 忘らる るる らるる,わす らる
39,浅茅生の　小野の篠原　しのぶれど,あさぢふの　をののしのはら　しのぶれど,あさじ,10,25,あさぢ,あさじ,浅茅 浅茅生 生の 茅生の,あさ ぢふ ぢふの ふの
40,しのぶれど　色に出でにけり　わが恋は,しのぶれど　いろにいでにけり　わがこひは,,5,12,しの,,しのぶ れど ぶれど,ぶれ
41,恋すてふ　わが名はまだき　立ちにけり,こひすてふ　わがなはまだき　たちにけり,こい,7,16,こひ,こい,恋す 恋すて てふ すてふ,すて
42,契りきな　かたみに袖を　しぼりつつ,ちぎりきな　かたみにそでを　しぼりつつ,,7,18,ちぎりき,,契り 契りき きな りきな,ちぎ りき
43,逢ひ見ての　のちの心に　くらぶれば,あひみての　のちのこころに　くらぶれば,あい,8,19,あひ,あい,逢ひ 逢ひ見 ての 見ての,みて みての
44,逢ふことの　絶えてしなくは　なかなかに,あふことの　たえてしなくは　なかなかに,おおこ,8,20,あふこ,おおこ,逢ふ 逢ふこ との ことの,あふ こと
45,あはれとも　いふべき人は　思おえで,あはれとも　いふべきひとは　おもおえで,あわれ,6,15,あはれ,あわれ,あは とも れとも,れと
46,由良の門を　渡る舟人　かぢを絶え,ゆらのとを　わたるふなびと　かぢをたえ,,8,19,ゆら,,由良 由良の 門を の門を,のと のとを とを
47,八重むぐら　しげれる宿の　さびしきに,やへむぐら　しげれるやどの　さびしきに,やえ,7,16,やへ,やえ,八重 八重む ぐら むぐら,むぐ
48,風をいたみ　岩うつ波の　おのれのみ,かぜをいたみ　いはうつなみの　おのれのみ,,7,17,かぜを,,風を 風をい たみ いたみ,かぜ をい
49,御垣守　衛士のたく火の　夜は燃え,みかきもり　ゑじのたくひの　よるはもえ,,8,19,みかき,,御垣 御垣守 垣守,みか きも きもり もり
50,君がため　惜しからざりし　命さへ,きみがため　をしからざりし　いのちさへ,,7,20,きみがためを,,君が 君がた ため がため,きみ がた
51,かくとだに　えやは伊吹の　さしも草,かくとだに　えやはいぶきの　さしもぐさ,,5,12,かく,,かくと だに とだに,とだ
52,明けぬれば　暮るるものとは　知りながら,あけぬれば　くるるものとは　しりながら,,6,14,あけ,,明け 明けぬ れば ぬれば,ぬれ
53,嘆きつつ　ひとり寝る夜の　明くる間は,なげきつつ　ひとりねるよの　あくるまは,,7,17,なげき,,嘆き 嘆きつ つつ きつつ,なげ きつ
54,忘れじの　ゆく末までは　かたければ,わすれじの　ゆくすゑまでは　かたければ,,7,17,わすれ,,忘れ 忘れじ じの れじの,わす れじ
55,滝の音は　絶えて久しく　なりぬれど,たきのおとは　たえてひさしく　なりぬれど,,8,19,たき,,滝の 滝の音 音は の音は,のお おとは とは
56,あらざらむ　この世のほかの　思ひ出に,あらざらむ　このよのほかの　おもひでに,,5,12,あらざ,,あら らむ ざらむ,ざら
57,めぐり逢ひて　見しやそれとも　わかぬ間に,めぐりあひて　みしやそれとも　わかぬまに,,7,16,め,,めぐ めぐり ひて 逢ひて,りあ あひて
58,有馬山　猪名の笹原　風吹けば,ありまやま　ゐなのささはら　かぜふけば,,8,19,ありま,,有馬 有馬山 馬山,あり まや まやま やま
59,やすらはで　寝なましものを　さ夜更けて,やすらはで　ねなましものを　さよふけて,,5,12,やす,,やすら はで らはで,らは
60,大江山　いく野の道の　遠ければ,おおえやま　いくののみちの　とおければ,おおえ,9,22,おほえ,おおえ,大江 大江山 江山,おお えや えやま やま
61,いにしへの　奈良の都の　八重桜,いにしへの　ならのみやこの　やへざくら,,5,12,いに,,いにし への しへの,しへ
62,夜をこめて　鳥の空音は　謀るとも,よをこめて　とりのそらねは　はかるとも,よお,7,16,よを,よお,夜を 夜をこ めて こめて,こめ
63,今はただ　思ひ絶えなむ　とばかりを,いまはただ　おもひたえなむ　とばかりを,,7,17,いまは,,今は 今はた ただ はただ,いま はた
64,朝ぼらけ　宇治の川霧　たえだえに,あさぼらけ　うぢのかはぎり　たえだえに,,7,20,あさぼらけう,,朝ぼ 朝ぼら らけ ぼらけ,あさ ぼら
65,恨みわび　ほさぬ袖だに　あるものを,うらみわび　ほさぬそでだに　あるものを,,6,14,うら,,恨み 恨みわ わび みわび,みわ
66,もろともに　あはれと思へ　山桜,もろともに　あはれとおもへ　やまざくら,,5,12,もろ,,もろと もに ともに,とも
67,春の夜の　夢ばかりなる　手枕に,はるのよの　ゆめばかりなる　たまくらに,,9,22,はるの,,春の 春の夜 夜の の夜の,はる のよ のよの よの
68,心にも　あらで憂き夜に　長らへば,こころにも　あらでうきよに　ながらへば,,7,18,こころに,,心に 心にも にも,ここ ろに ろにも
69,嵐吹く　三室の山の　もみぢ葉は,あらしふく　みむろのやまの　もみぢばは,,8,19,あらし,,嵐吹 嵐吹く 吹く,あら しふ しふく ふく
70,寂しさに　宿を立ち出でて　ながむれば,さびしさに　やどをたちいでて　ながむれば,,7,15,さ,,寂し 寂しさ さに しさに,さび しさ
71,夕されば　門田の稲葉　訪れて,ゆふされば　かどたのいなば　おとづれて,ゆう,7,16,ゆふ,ゆう,夕さ 夕され れば されば,され
72,音に聞く　高師の浜の　あだ波は,おとにきく　たかしのはまの　あだなみは,,8,19,おと,,音に 音に聞 聞く に聞く,にき にきく きく
73,高砂の　尾の上の桜　咲きにけり,たかさごの　をのへのさくら　さきにけり,,7,16,たか,,高砂 高砂の 砂の,さご さごの ごの
74,憂かりける　人を初瀬の　山おろしよ,うかりける　ひとをはつせの　やまおろしよ,,6,14,うか,,憂か 憂かり ける りける,りけ
75,契りおきし　させもが露を　命にて,ちぎりおきし　させもがつゆを　いのちにて,,7,18,ちぎりお,,契り 契りお きし おきし,ちぎ りお
76,わたの原　漕ぎ出でて見れば　ひさかたの,わたのはら　こぎいでてみれば　ひさかたの,,8,23,わたのはらこ,,わた わたの の原 たの原,のは のはら はら
77,瀬をはやみ　岩にせかるる　滝川の,せをはやみ　いはにせかるる　たきがはの,,7,15,せ,,瀬を 瀬をは やみ はやみ,せを はや
78,淡路島　通ふ千鳥の　鳴く声に,あわじしま　かよふちどりの　なくこゑに,あわじ,9,22,あはぢ,あわじ,淡路 淡路島 路島,あわ じし じしま しま
79,秋風に　たなびく雲の　絶え間より,あきかぜに　たなびくくもの　たえまより,,8,19,あきか,,秋風 秋風に 風に,あき かぜ かぜに ぜに
80,長からむ　心も知らず　黒髪の,ながからむ　こころもしらず　くろかみの,,7,17,ながか,,長か 長から らむ からむ,なが から
81,ほととぎす　鳴きつる方を　ながむれば,ほととぎす　なきつるかたを　ながむれば,,6,13,ほ,,ほと ほとと ぎす とぎす,とぎ
82,思ひわび　さても命は　あるものを,おもひわび　さてもいのちは　あるものを,おもい,8,20,おもひ,おもい,思ひ 思ひわ わび ひわび,おも ひわ
83,世の中よ　道こそなけれ　思ひ入る,よのなかよ　みちこそなけれ　おもひいる,,9,24,よのなかよ,,世の 世の中 中よ の中よ,よの なか なかよ かよ
84,長らえば　またこのごろや　しのばれむ,ながらへば　またこのごろや　しのばれむ,,9,22,ながら,,長ら 長らえ えば らえば,なが らへ らへば へば
85,夜もすがら　物思ふころは　明けやらで,よもすがら　ものおもふころは　あけやらで,,6,14,よも,,夜も 夜もす がら すがら,すが
86,嘆けとて　月やは物を　思はする,なげけとて　つきやはものを　おもはする,,7,17,なげけ,,嘆け 嘆けと とて けとて,なげ けと
87,村雨の　露もまだ干ぬ　真木の葉に,むらさめの　つゆもまだひぬ　まきのはに,,8,17,む,,村雨 村雨の 雨の,むら さめ さめの めの
88,難波江の　蘆のかりねの　ひとよゆゑ,なにわえの　あしのかりねの　ひとよゆゑ,,9,23,なにわえ,,難波 難波江 江の 波江の,なに わえ わえの えの
89,玉の緒よ　絶えなば絶えね　ながらえば,たまのおよ　たえなばたえね　ながらえば,,8,19,たま,,玉の 玉の緒 緒よ の緒よ,のお のおよ およ
90,見せばやな　雄島の海人の　袖だにも,みせばやな　をじまのあまの　そでだにも,,6,14,みせ,,見せ 見せば やな ばやな,ばや
91,きりぎりす　鳴くや霜夜の　さむしろに,きりぎりす　なくやしもよの　さむしろに,,5,12,きり,,きりぎ りす ぎりす,ぎり
92,わが袖は　潮干に見えぬ　沖の石の,わがそでは　しほひにみえぬ　おきのいしの,,8,20,わがそ,,わが わが袖 袖は が袖は,そで そでは では
93,世の中は　常にもがもな　渚漕ぐ,よのなかは　つねにもがもな　なぎさこぐ,,9,24,よのなかは,,世の 世の中 中は の中は,よの なか なかは かは
94,み吉野の　山の秋風　さよ更けて,みよしのの　やまのあきかぜ　さよふけて,,8,19,みよ,,み吉 み吉野 野の 吉野の,しの しのの のの
95,おほけなく　憂き世の民に　おほふかな,おおけなく　うきよのたみに　おほふかな,おおけ,7,17,おほけ,おおけ,おほ なく けなく,おお けな
96,花さそふ　嵐の庭の　雪ならで,はなさそふ　あらしのにはの　ゆきならで,,7,17,はなさ,,花さ 花さそ そふ さそふ,はな さそ
97,来ぬ人を　松帆の浦の　夕なぎに,こぬひとを　まつほのうらの　ゆふなぎに,,8,19,こぬ,,来ぬ 来ぬ人 人を ぬ人を,ひと ひとを とを
98,風そよぐ　楢の小川の　夕暮は,かぜそよぐ　ならのをがはの　ゆふぐれは,,7,17,かぜそ,,風そ 風そよ よぐ そよぐ,かぜ そよ
99,人も惜し　人も恨めし　あぢきなく,ひともをし　ひともうらめし　あぢきなく,,9,22,ひとも,,人も 人も惜 惜し も惜し,ひと もを もをし をし
100,百敷や　古き軒端の　しのぶにも,ももしきや　ふるきのきばの　しのぶにも,,7,16,もも,,百敷 百敷や 敷や,しき しきや きや
