札番号,元の漢字,元のひらがな,元の現代語,単語数,総文字数（満点）,決まり字,現代語発音（全体）,漢字パーツ(1句目),ひらがなパーツ(1句目)
1,秋の田の　かりほの庵の　苫をあらみ,あきのたの　かりほのいほの　とまをあらみ,,5,13,あきの,,秋の 秋の田 田の の田の,
2,春過ぎて　夏来にけらし　　白妙の,はるすぎて　なつきにけらし　　しろたへの,,5,13,はるす,,春過 春過ぎ ぎて 過ぎて,
3,あしびきの　山鳥の尾の　しだり尾の,あしびきの　やまどりのをの　しだりをの,,5,12,あし,,あしび きの びきの,びき
4,田子の浦に　うち出でて見れば　白妙の,たごのうらに　うちいでてみれば　しろたへの,,5,12,たご,,田子 田子の 浦に の浦に,
5,奥山に　紅葉踏み分け　鳴く鹿の,おくやまに　もみぢふみわけ　なくしかの,,5,11,おく,,奥山 奥山に 山に,やま
6,鵲の　渡せる橋に　置く霜の,かささぎの　わたせるはしに　おくしもの,,5,11,かさ,,鵲の,さぎ さぎの ぎの
7,天の原　ふりさけ見れば　春日なる,あまのはら　ふりさけみれば　かすがなる,,5,12,あまの,,天の 天の原 の原,あま
8,わが庵は　都の辰巳　しかぞ住む,わがいほは　みやこのたつみ　しかぞすむ,,5,13,わがい,,わが わが庵 庵は が庵は,
9,花の色は　移りにけりな　いたづらに,はなのいろは　うつりにけりな　いたづらに,,5,13,はなの,,花の 花の色 色は の色は,
10,これやこの　行くも帰るも　別れては,これやこの　いくもかへるも　わかれては,,5,12,これ,,これや この やこの,やこ
11,わたの原　八十島かけて　漕ぎ出でぬと,わたのはら　やそしまかけて　こぎいでぬと,,5,16,わたのはらや,,わた わたの の原 たの原,
12,天つ風　雲の通ひ路　吹き閉ぢよ,あまつかぜ　くものかよひぢ　ふきとぢよ,,5,12,あまつ,,天つ 天つ風 つ風,あま
13,筑波嶺の　峰より落つる　男女川,つくばねの　みねよりおつる　みなのがは,,5,12,つく,,筑波 筑波嶺 嶺の 波嶺の,
14,陸奥の　しのぶもぢずり　誰ゆゑに,みちのくの　しのぶもぢずり　たれゆゑに,,5,11,みち,,陸奥 陸奥の 奥の,のく
15,君がため　春の野に出でて　若菜摘む,きみがため　はるののにいでて　わかなつむ,,5,16,きみがためは,,君が 君がた ため がため,
16,立ち別れ　いなばの山の　峰に生ふる,たちわかれ　いなばのやまの　みねにおふる,,5,12,たち,,立ち 立ち別 別れ ち別れ,
17,ちはやぶる　神代も聞かず　竜田川,ちはやぶる　かみよもきかず　たつたがわ,,5,12,ちは,,ちはや ぶる やぶる,やぶ
18,住の江の　岸に寄る波　よるさへや,すみのえの　きしによるなみ　よるさへや,,5,11,す,,住の 住の江 江の の江の,
19,難波潟　短き蘆の　ふしの間も,なにはがた　みじかきあしの　ふしのまも,,5,13,なにはが,,難波 難波潟 波潟,なに
20,わびぬれば　今はたおなじ　難波なる,わびぬれば　いまはたおなじ　なにはなる,,5,12,わび,,わびぬ れば ぬれば,ぬれ
21,今来むと　言ひしばかりに　長月の,いまこむと　いひしばかりに　ながつきの,,5,13,いまこ,,今来 今来む むと 来むと,
22,吹くからに　秋の草木の　しをるれば,ふくからに　あきのくさきの　しをるれば,,5,11,ふ,,吹く 吹くか らに からに,
23,月見れば　ちぢにものこそ　悲しけれ,つきみれば　ちぢにものこそ　かなしけれ,,5,12,つき,,月見 月見れ れば 見れば,
24,このたびは　ぬさも取りあへず　手向山,このたびは　ぬさもとりあへず　たむけやま,,5,12,この,,このた びは たびは,たび
25,名にし負はば　逢坂山の　さねかづら,なにしおはば　あふさかやまの　さねかづら,,5,13,なにし,,名に 名にし はば 負はば,
26,小倉山　峰のもみぢ葉　心あらば,をぐらやま　みねのもみぢば　こころあらば,おぐ,5,11,をぐ,おぐ,小倉 小倉山 倉山,
27,みかの原　わきて流るる　泉川,みかのはら　わきてながるる　いづみがは,,5,12,みかの,,みか の原 かの原,のは
28,山里は　冬ぞ寂しさ　まさりける,やまざとは　ふゆぞさびしさ　まさりける,,5,12,やまざ,,山里 山里は 里は,やま
29,心あてに　折らばや折らむ　初霜の,こころあてに　をらばやをらむ　はつしもの,,5,14,こころあ,,心あ 心あて てに あてに,
30,有明の　つれなく見えし　別れより,ありあけの　つれなくみえし　わかれより,,5,12,ありあ,,有明 有明の 明の,あり
31,朝ぼらけ　有明の月と　見るまでに,あさぼらけ　ありあけのつきと　みるまでに,,5,16,あさぼらけあ,,朝ぼ 朝ぼら らけ ぼらけ,
32,山川に　風のかけたる　しがらみは,やまがわに　かぜのかけたる　しがらみは,,5,12,やまが,,山川 山川に 川に,やま
33,ひさかたの　光のどけき　春の日に,ひさかたの　ひかりのどけき　はるのひに,,5,12,ひさ,,ひさか たの かたの,かた
34,誰をかも　知る人にせむ　高砂の,たれをかも　しるひとにせむ　たかさごの,,5,12,たれ,,誰を 誰をか かも をかも,
35,人はいさ　心も知らず　ふるさとは,ひとはいさ　こころもしらず　ふるさとは,,5,13,ひとは,,人は 人はい いさ はいさ,
36,夏の夜は　まだ宵ながら　明けぬるを,なつのよは　まだよひながら　あけぬるを,,5,12,なつ,,夏の 夏の夜 夜は の夜は,
37,白露に　風の吹きしく　秋の野は,しらつゆに　かぜのふきしく　あきののは,,5,11,しら,,白露 白露に 露に,つゆ
38,忘らるる　身をば思はず　誓ひてし,わすらるる　みをばおもはず　ちかひてし,,5,13,わすら,,忘ら 忘らる るる らるる,
39,浅茅生の　小野の篠原　しのぶれど,あさぢふの　をののしのはら　しのぶれど,あさじ,5,13,あさぢ,あさじ,浅茅 浅茅生 生の,
40,しのぶれど　色に出でにけり　わが恋は,しのぶれど　いろにいでにけり　わがこひは,,5,12,しの,,しのぶ れど ぶれど,ぶれ
41,恋すてふ　わが名はまだき　立ちにけり,こひすてふ　わがなはまだき　たちにけり,こい,5,11,こひ,こい,恋す 恋すて てふ,
42,契りきな　かたみに袖を　しぼりつつ,ちぎりきな　かたみにそでを　しぼりつつ,,5,14,ちぎりき,,契り 契りき きな りきな,
43,逢ひ見ての　のちの心に　くらぶれば,あひみての　のちのこころに　くらぶれば,あい,5,11,あひ,あい,逢ひ 逢ひ見 ての,
44,逢ふことの　絶えてしなくは　なかなかに,あふことの　たえてしなくは　なかなかに,おおこ,5,13,あふこ,おおこ,逢ふ 逢ふこ との,
45,あはれとも　いふべき人は　思おえで,あはれとも　いふべきひとは　おもおえで,あわれ,5,13,あはれ,あわれ,あは とも れとも,
46,由良の門を　渡る舟人　かぢを絶え,ゆらのとを　わたるふなびと　かぢをたえ,,5,12,ゆら,,由良 由良の 門を の門を,
47,八重むぐら　しげれる宿の　さびしきに,やへむぐら　しげれるやどの　さびしきに,やえ,5,11,やへ,やえ,八重 八重む ぐら,
48,風をいたみ　岩うつ波の　おのれのみ,かぜをいたみ　いはうつなみの　おのれのみ,,5,13,かぜを,,風を 風をい たみ いたみ,
49,御垣守　衛士のたく火の　夜は燃え,みかきもり　ゑじのたくひの　よるはもえ,,5,12,みかき,,御垣 御垣守 垣守,みか
50,君がため　惜しからざりし　命さへ,きみがため　をしからざりし　いのちさへ,,5,16,きみがためを,,君が 君がた ため がため,
51,かくとだに　えやは伊吹の　さしも草,かくとだに　えやはいぶきの　さしもぐさ,,5,12,かく,,かくと だに とだに,とだ
52,明けぬれば　暮るるものとは　知りながら,あけぬれば　くるるものとは　しりながら,,5,12,あけ,,明け 明けぬ れば ぬれば,
53,嘆きつつ　ひとり寝る夜の　明くる間は,なげきつつ　ひとりねるよの　あくるまは,,5,13,なげき,,嘆き 嘆きつ つつ きつつ,
54,忘れじの　ゆく末までは　かたければ,わすれじの　ゆくすゑまでは　かたければ,,5,13,わすれ,,忘れ 忘れじ じの れじの,
55,滝の音は　絶えて久しく　なりぬれど,たきのおとは　たえてひさしく　なりぬれど,,5,12,たき,,滝の 滝の音 音は の音は,
56,あらざらむ　この世のほかの　思ひ出に,あらざらむ　このよのほかの　おもひでに,,5,12,あらざ,,あら らむ ざらむ,ざら
57,めぐり逢ひて　見しやそれとも　わかぬ間に,めぐりあひて　みしやそれとも　わかぬまに,,5,11,め,,めぐ めぐり ひて 逢ひて,
58,有馬山　猪名の笹原　風吹けば,ありまやま　ゐなのささはら　かぜふけば,,5,12,ありま,,有馬 有馬山 馬山,あり
59,やすらはで　寝なましものを　さ夜更けて,やすらはで　ねなましものを　さよふけて,,5,12,やす,,やすら はで らはで,らは
60,大江山　いく野の道の　遠ければ,おほえやま　いくののみちの　とおければ,おおえ,5,13,おほえ,おおえ,大江 大江山 江山,
61,いにしへの　奈良の都の　八重桜,いにしへの　ならのみやこの　やへざくら,,5,12,いに,,いにし への しへの,しへ
62,夜をこめて　鳥の空音は　謀るとも,よをこめて　とりのそらねは　はかるとも,よお,5,11,よを,よお,夜を 夜をこ めて,
63,今はただ　思ひ絶えなむ　とばかりを,いまはただ　おもひたえなむ　とばかりを,,5,13,いまは,,今は 今はた ただ はただ,
64,朝ぼらけ　宇治の川霧　たえだえに,あさぼらけ　うぢのかはぎり　たえだえに,,5,16,あさぼらけう,,朝ぼ 朝ぼら らけ ぼらけ,
65,恨みわび　ほさぬ袖だに　あるものを,うらみわび　ほさぬそでだに　あるものを,,5,12,うら,,恨み 恨みわ わび みわび,
66,もろともに　あはれと思へ　山桜,もろともに　あはれとおもへ　やまざくら,,5,12,もろ,,もろと もに ともに,とも
67,春の夜の　夢ばかりなる　手枕に,はるのよの　ゆめばかりなる　たまくらに,,5,13,はるの,,春の 春の夜 夜の の夜の,
68,心にも　あらで憂き夜に　長らへば,こころにも　あらでうきよに　ながらへば,,5,13,こころに,,心に 心にも にも,ここ
69,嵐吹く　三室の山の　もみぢ葉は,あらしふく　みむろのやまの　もみぢばは,,5,12,あらし,,嵐吹 嵐吹く 吹く,あら
70,寂しさに　宿を立ち出でて　ながむれば,さびしさに　やどをたちいでて　ながむれば,,5,11,さ,,寂し 寂しさ さに しさに,
71,夕されば　門田の稲葉　訪れて,ゆふされば　かどたのいなば　おとづれて,ゆう,5,11,ゆふ,ゆう,夕さ 夕され れば,
72,音に聞く　高師の浜の　あだ波は,おとにきく　たかしのはまの　あだなみは,,5,12,おと,,音に 音に聞 聞く に聞く,
73,高砂の　尾の上の桜　咲きにけり,たかさごの　をのへのさくら　さきにけり,,5,11,たか,,高砂 高砂の 砂の,さご
74,憂かりける　人を初瀬の　山おろしよ,うかりける　ひとをはつせの　やまおろしよ,,5,12,うか,,憂か 憂かり ける りける,
75,契りおきし　させもが露を　命にて,ちぎりおきし　させもがつゆを　いのちにて,,5,14,ちぎりお,,契り 契りお きし おきし,
76,わたの原　漕ぎ出でて見れば　ひさかたの,わたのはら　こぎいでてみれば　ひさかたの,,5,16,わたのはらこ,,わた わたの の原 たの原,
77,瀬をはやみ　岩にせかるる　滝川の,せをはやみ　いはにせかるる　たきがはの,,5,11,せ,,瀬を 瀬をは やみ はやみ,
78,淡路島　通ふ千鳥の　鳴く声に,あはぢしま　かよふちどりの　なくこゑに,あわじ,5,13,あはぢ,あわじ,淡路 淡路島 路島,
79,秋風に　たなびく雲の　絶え間より,あきかぜに　たなびくくもの　たえまより,,5,12,あきか,,秋風 秋風に 風に,あき
80,長からむ　心も知らず　黒髪の,ながからむ　こころもしらず　くろかみの,,5,13,ながか,,長か 長から らむ からむ,
81,ほととぎす　鳴きつる方を　ながむれば,ほととぎす　なきつるかたを　ながむれば,,5,11,ほ,,ほと ほとと ぎす とぎす,
82,思ひわび　さても命は　あるものを,おもひわび　さてもいのちは　あるものを,おもい,5,13,おもひ,おもい,思ひ 思ひわ わび,
83,世の中よ　道こそなけれ　思ひ入る,よのなかよ　みちこそなけれ　おもひいる,,5,15,よのなかよ,,世の 世の中 中よ の中よ,
84,長らへば　またこのごろや　しのばれむ,ながらへば　またこのごろや　しのばれむ,,5,13,ながら,,長ら 長らへ へば らへば,
85,夜もすがら　物思ふころは　明けやらで,よもすがら　ものおもふころは　あけやらで,,5,12,よも,,夜も 夜もす がら すがら,
86,嘆けとて　月やは物を　思はする,なげけとて　つきやはものを　おもはする,,5,13,なげけ,,嘆け 嘆けと とて けとて,
87,村雨の　露もまだ干ぬ　真木の葉に,むらさめの　つゆもまだひぬ　まきのはに,,5,10,む,,村雨 村雨の 雨の,むら
88,難波江の　蘆のかりねの　ひとよゆゑ,なにはえの　あしのかりねの　ひとよゆゑ,,5,14,なにはえ,,難波 難波江 江の 波江の,
89,玉の緒よ　絶えなば絶えね　ながらえば,たまのをよ　たえなばたえね　ながらえば,,5,12,たま,,玉の 玉の緒 緒よ の緒よ,
90,見せばやな　雄島の海人の　袖だにも,みせばやな　をじまのあまの　そでだにも,,5,12,みせ,,見せ 見せば やな ばやな,
91,きりぎりす　鳴くや霜夜の　さむしろに,きりぎりす　なくやしもよの　さむしろに,,5,12,きり,,きりぎ りす ぎりす,ぎり
92,わが袖は　潮干に見えぬ　沖の石の,わがそでは　しほひにみえぬ　おきのいしの,,5,13,わがそ,,わが わが袖 袖は が袖は,
93,世の中は　常にもがもな　渚漕ぐ,よのなかは　つねにもがもな　なぎさこぐ,,5,15,よのなかは,,世の 世の中 中は の中は,
94,み吉野の　山の秋風　さよ更けて,みよしのの　やまのあきかぜ　さよふけて,,5,12,みよ,,み吉 み吉野 野の 吉野の,
95,おほけなく　憂き世の民に　おほふかな,おほけなく　うきよのたみに　おほふかな,おおけ,5,13,おほけ,おおけ,おほ なく けなく,
96,花さそふ　嵐の庭の　雪ならで,はなさそふ　あらしのにはの　ゆきならで,,5,13,はなさ,,花さ 花さそ そふ さそふ,
97,来ぬ人を　松帆の浦の　夕なぎに,こぬひとを　まつほのうらの　ゆふなぎに,,5,12,こぬ,,来ぬ 来ぬ人 人を ぬ人を,
98,風そよぐ　楢の小川の　夕暮は,かぜそよぐ　ならのをがはの　ゆふぐれは,,5,13,かぜそ,,風そ 風そよ よぐ そよぐ,
99,人も惜し　人も恨めし　あぢきなく,ひともをし　ひともうらめし　あぢきなく,,5,13,ひとも,,人も 人も惜 惜し も惜し,
100,百敷や　古き軒端の　しのぶにも,ももしきや　ふるきのきばの　しのぶにも,,5,11,もも,,百敷 百敷や 敷や,しき
