1,秋の田の　かりほの庵の　苫をあらみ,あきのたの　かりほのいほの　とまをあらみ,あきの,,とまを　苫を,かりほ
2,春過ぎて　夏来にけらし　　白妙の,はるすぎて　なつきにけらし　　しろたへの,はるす,,夏　きに　白妙の　たえ,春すぎ　春す
3,あしびきの　山鳥の尾の　しだり尾の,あしびきの　やまどりのをの　しだりをの,あし,,おの　のお,ビキ　アシ　足びき　引きの　しびき　
4,田子の浦に　うち出でて見れば　白妙の,たごのうらに　うちいでてみれば　しろたへの,たご,,,たごの　のうら
5,奥山に　紅葉踏み分け　鳴く鹿の,おくやまに　もみぢふみわけ　なくしかの,おく,,,おくやま　おくや　紅葉
6,鵲の　渡せる橋に　置く霜の,かささぎの　わたせるはしに　おくしもの,かさ,,,カサ　かささ　傘さぎ　笠さぎ　嵩さぎ
7,天の原　ふりさけ見れば　春日なる,あまのはら　ふりさけみれば　かすがなる,あまの,,,天野原　天ノ原
8,わが庵は　都の辰巳　しかぞ住む,わがいほは　みやこのたつみ　しかぞすむ,わがい,,,我が　いよは
9,花の色は　移りにけりな　いたづらに,はなのいろは　うつりにけりな　いたづらに,はなの,,,ハナノ
10,これやこの　行くも帰るも　別れては,これやこの　いくもかへるも　わかれては,これ,,ゆくも　かえる,之や　コレ　ヤコノ　ぬさも　之やこ
11,わたの原　八十島かけて　漕ぎ出でぬと,わたのはら　やそしまかけて　こぎいでぬと,わたのはらや,,,やそ　
12,天つ風　雲の通ひ路　吹き閉ぢよ,あまつかぜ　くものかよひぢ　ふきとぢよ,あまつ,,,アマツ　ツカゼ
13,筑波嶺の　峰より落つる　男女川,つくばねの　みねよりおつる　みなのがは,つく,,,つくば　ツクバ
14,陸奥の　しのぶもぢずり　誰ゆゑに,みちのくの　しのぶもぢずり　たれゆゑに,みち,,もじ　ずり　ゆえ,道のく　みちの　ミチノ
15,君がため　春の野に出でて　若菜摘む,きみがため　はるののにいでて　わかなつむ,きみがためは,,,はる　キミが
16,立ち別れ　いなばの山の　峰に生ふる,たちわかれ　いなばのやまの　みねにおふる,たち,,,たちわ　ワカレ
17,ちはやぶる　神代も聞かず　竜田川,ちはやぶる　かみよもきかず　たつたがわ,ちは,,やふる　ふる,神代も　千早　ふる　やふる　チハヤ
18,住の江の　岸に寄る波　よるさへや,すみのえの　きしによるなみ　よるさへや,す,,,すみのえの
19,難波潟　短き蘆の　ふしの間も,なにはがた　みじかきあしの　ふしのまも,なにはが,,,なにわ　わが
20,わびぬれば　今はたおなじ　難波なる,わびぬれば　いまはたおなじ　なにはなる,わび,,はた　なにわ　なる　今　同じ,ワビ　詫び　塗れば　ヌレバ　濡れば
21,今来むと　言ひしばかりに　長月の,いまこむと　いひしばかりに　ながつきの,いまこ,,こんと　言いし　いいし,こんと　コン
22,吹くからに　秋の草木の　しをるれば,ふくからに　あきのくさきの　しをるれば,ふ,,,フク　カラに　ふくからに
23,月見れば　ちぢにものこそ　悲しけれ,つきみれば　ちぢにものこそ　かなしけれ,つき,,ちじ　ちじに,月み　ツキミ　つきみ
24,このたびは　ぬさも取りあへず　手向山,このたびは　ぬさもとりあへず　たむけやま,この,,あえず　たむけ　とりあえず　この度は,この度　旅は　コノ　タビハ　ぬさも
25,名にし負はば　逢坂山の　さねかづら,なにしおはば　あふさかやまの　さねかづら,なにし,,,おわば　おわ
26,小倉山　峰のもみぢ葉　心あらば,をぐらやま　みねのもみぢば　こころあらば,をぐ,おぐ,,おぐら　オグ　峰の
27,みかの原　わきて流るる　泉川,みかのはら　わきてながるる　いづみがは,みかの,,いづみ　いずみ　なが,野原　ミカノ　ミカの
28,山里は　冬ぞ寂しさ　まさりける,やまざとは　ふゆぞさびしさ　まさりける,やまざ,,,ヤマ　やまざと
29,心あてに　折らばや折らむ　初霜の,こころあてに　をらばやをらむ　はつしもの,こころあ,,,あて　こころ　当て
30,有明の　つれなく見えし　別れより,ありあけの　つれなくみえし　わかれより,ありあ,,,アリア　明けの　
31,朝ぼらけ　有明の月と　見るまでに,あさぼらけ　ありあけのつきと　みるまでに,あさぼらけあ,,,有明　あさぼ
32,山川に　風のかけたる　しがらみは,やまがわに　かぜのかけたる　しがらみは,やまが,,しがらみ,山側に　ヤマが
33,ひさかたの　光のどけき　春の日に,ひさかたの　ひかりのどけき　はるのひに,ひさ,,のど　日に,久かた　カタの　ヒサ　久方の　カタ
34,誰をかも　知る人にせむ　高砂の,たれをかも　しるひとにせむ　たかさごの,たれ,,にせん　せん,たれを　タレ　おかも　オカも
35,人はいさ　心も知らず　ふるさとは,ひとはいさ　こころもしらず　ふるさとは,ひとは,,故郷は　ふるさと,ヒトは　ひとわ　ヒト
36,夏の夜は　まだ宵ながら　明けぬるを,なつのよは　まだよひながら　あけぬるを,なつ,,明けぬ　夏　よい,ナツノ　のよわ
37,白露に　風の吹きしく　秋の野は,しらつゆに　かぜのふきしく　あきののは,しら,,,シラ　しらつゆ　白つゆ
38,忘らるる　身をば思はず　誓ひてし,わすらるる　みをばおもはず　ちかひてし,わすら,,,ワスラ　和すら　ルル
39,浅茅生の　小野の篠原　しのぶれど,あさぢふの　をののしのはら　しのぶれど,あさぢ,あさじ,,
40,しのぶれど　色に出でにけり　わが恋は,しのぶれど　いろにいでにけり　わがこひは,しの,,こいは　いで　わが恋,シノブ　偲ぶ　ブレド　シノ　いろに
41,恋すてふ　わが名はまだき　立ちにけり,こひすてふ　わがなはまだき　たちにけり,こひ,こい,すちょう　名は,すちょう　ちょう　コイ
42,契りきな　かたみに袖を　しぼりつつ,ちぎりきな　かたみにそでを　しぼりつつ,ちぎりき,,形見に　しぼり,チギ　リキ　ちぎり
43,逢ひ見ての　のちの心に　くらぶれば,あひみての　のちのこころに　くらぶれば,あひ,あい,,愛みて　アイみ
44,逢ふことの　絶えてしなくは　なかなかに,あふことの　たえてしなくは　なかなかに,あふこ,おおこ,しなく　中々に　なかなか,おお　あうこ
45,あはれとも　いふべき人は　思おえで,あはれとも　いふべきひとは　おもおえで,あはれ,あわれ,いう,あわ　アワレ　トモ　逢われ
46,由良の門を　渡る舟人　かぢを絶え,ゆらのとを　わたるふなびと　かぢをたえ,ゆら,,,ユラ　ゆらのと
47,八重むぐら　しげれる宿の　さびしきに,やへむぐら　しげれるやどの　さびしきに,やへ,やえ,さび　やえ　やえむ,ヤエ　八重むぐ　ムグラ
48,風をいたみ　岩うつ波の　おのれのみ,かぜをいたみ　いはうつなみの　おのれのみ,かぜを,,,カゼを　いた　カゼオ
49,御垣守　衛士のたく火の　夜は燃え,みかきもり　ゑじのたくひの　よるはもえ,みかき,,,ミカキ　キモリ
50,君がため　惜しからざりし　命さへ,きみがため　をしからざりし　いのちさへ,きみがためを,,おし,キミが　おし
51,かくとだに　えやは伊吹の　さしも草,かくとだに　えやはいぶきの　さしもぐさ,かく,,えやわ,カク　書くと　ダニ　カクト　角とだ
52,明けぬれば　暮るるものとは　知りながら,あけぬれば　くるるものとは　しりながら,あけ,,しり　もの　とは　くるる,アケ　ヌレバ　塗れば　開けぬ
53,嘆きつつ　ひとり寝る夜の　明くる間は,なげきつつ　ひとりねるよの　あくるまは,なげき,,,ナゲキ　なき　キツツ
54,忘れじの　ゆく末までは　かたければ,わすれじの　ゆくすゑまでは　かたければ,わすれ,,行く末　すえ　行く,忘れぢ　レジ　ワスレ
55,滝の音は　絶えて久しく　なりぬれど,たきのおとは　たえてひさしく　なりぬれど,たき,,,タキ　ノオトワ
56,あらざらむ　この世のほかの　思ひ出に,あらざらむ　このよのほかの　おもひでに,あらざ,,他の　思い出　おもいで,アラザ　ラム　このよ　アラ座　ザラ
57,めぐり逢ひて　見しやそれとも　わかぬ間に,めぐりあひて　みしやそれとも　わかぬまに,め,,,メグ　巡り　あいて　開い
58,有馬山　猪名の笹原　風吹けば,ありまやま　ゐなのささはら　かぜふけば,ありま,,,アリマ　有間山
59,やすらはで　寝なましものを　さ夜更けて,やすらはで　ねなましものを　さよふけて,やす,,夜更け　らわで,安らわ　ヤス　らわで　ヤスラ　寝な
60,大江山　いく野の道の　遠ければ,おおえやま　いくののみちの　とおければ,おほえ,おおえ,,オオエ
61,いにしへの　奈良の都の　八重桜,いにしへの　ならのみやこの　やへざくら,いに,,,古の　えの　いにしえ　奈良の　イニ
62,夜をこめて　鳥の空音は　謀るとも,よをこめて　とりのそらねは　はかるとも,よを,よお,,ヨヲ　ヨオ　込めて　世を
63,今はただ　思ひ絶えなむ　とばかりを,いまはただ　おもひたえなむ　とばかりを,いまは,,おもい　ばかり,イマは　思い　おもい
64,朝ぼらけ　宇治の川霧　たえだえに,あさぼらけ　うぢのかはぎり　たえだえに,あさぼらけう,,,宇治　アサボ
65,恨みわび　ほさぬ袖だに　あるものを,うらみわび　ほさぬそでだに　あるものを,うら,,干さぬ　袖　袖だ　もの,ウラ　ほさぬ　ウラミ　干さぬ
66,もろともに　あはれと思へ　山桜,もろともに　あはれとおもへ　やまざくら,もろ,,あわれ　思え　と思え,モロ　トモに　諸共に　あわれ　諸共
67,春の夜の　夢ばかりなる　手枕に,はるのよの　ゆめばかりなる　たまくらに,はるの,,,ハルノ
68,心にも　あらで憂き夜に　長らへば,こころにも　あらでうきよに　ながらへば,こころに,,,ココロに　ココロ
69,嵐吹く　三室の山の　もみぢ葉は,あらしふく　みむろのやまの　もみぢばは,あらし,,,アラシ　みむろ
70,寂しさに　宿を立ち出でて　ながむれば,さびしさに　やどをたちいでて　ながむれば,さ,,眺む,サビ　寂しさに　宿を　たち
71,夕されば　門田の稲葉　訪れて,ゆふされば　かどたのいなば　おとづれて,ゆふ,ゆう,,ユウ　門田の　夕去れば
72,音に聞く　高師の浜の　あだ波は,おとにきく　たかしのはまの　あだなみは,おと,,,オトに　高師の
73,高砂の　尾の上の桜　咲きにけり,たかさごの　をのへのさくら　さきにけり,たか,,,タカ　おのえの　サゴノ
74,憂かりける　人を初瀬の　山おろしよ,うかりける　ひとをはつせの　やまおろしよ,うか,,,ウカ　人を　うかり　ケル　ヒト
75,契りおきし　させもが露を　命にて,ちぎりおきし　させもがつゆを　いのちにて,ちぎりお,,,チギリ　チギ　リオ
76,わたの原　漕ぎ出でて見れば　ひさかたの,わたのはら　こぎいでてみれば　ひさかたの,わたのはらこ,,,漕ぎ
77,瀬をはやみ　岩にせかるる　滝川の,せをはやみ　いはにせかるる　たきがはの,せ,,,セ　ハヤミ　岩に　せかるる
78,淡路島　通ふ千鳥の　鳴く声に,あわじしま　かよふちどりの　なくこゑに,あはぢ,あわじ,,アワジ
79,秋風に　たなびく雲の　絶え間より,あきかぜに　たなびくくもの　たえまより,あきか,,,アキカ　カゼに
80,長からむ　心も知らず　黒髪の,ながからむ　こころもしらず　くろかみの,ながか,,,ナガカ　絡む　カラム
81,ほととぎす　鳴きつる方を　ながむれば,ほととぎす　なきつるかたを　ながむれば,ほ,,眺む,ホト　ホトトギス　鳴き　不如帰
82,思ひわび　さても命は　あるものを,おもひわび　さてもいのちは　あるものを,おもひ,おもい,,オモイ　思い
83,世の中よ　道こそなけれ　思ひ入る,よのなかよ　みちこそなけれ　おもひいる,よのなかよ,,,道
84,長らえば　またこのごろや　しのばれむ,ながらへば　またこのごろや　しのばれむ,ながら,,長らえ　この頃　偲ばれ,ナガラ
85,夜もすがら　物思ふころは　明けやらで,よもすがら　ものおもふころは　あけやらで,よも,,おもう　思う,ヨモ　物思う　スガラ　世もす
86,嘆けとて　月やは物を　思はする,なげけとて　つきやはものを　おもはする,なげけ,,,ナゲケ　月やわ　トテ
87,村雨の　露もまだ干ぬ　真木の葉に,むらさめの　つゆもまだひぬ　まきのはに,む,,,ム　ムラサメ　梅雨も
88,難波江の　蘆のかりねの　ひとよゆゑ,なにわえの　あしのかりねの　ひとよゆゑ,なにわえ,,,にわ
89,玉の緒よ　絶えなば絶えね　ながらえば,たまのおよ　たえなばたえね　ながらえば,たま,,絶えねば,タマ　玉のおよ
90,見せばやな　雄島の海人の　袖だにも,みせばやな　をじまのあまの　そでだにも,みせ,,おじま,ミセ　バヤナ　おじま　雄島の
91,きりぎりす　鳴くや霜夜の　さむしろに,きりぎりす　なくやしもよの　さむしろに,きり,,しろに　なくや　霜夜,キリ　鳴くや　ナク　ヤシ　キリギリ
92,わが袖は　潮干に見えぬ　沖の石の,わがそでは　しほひにみえぬ　おきのいしの,わがそ,,,我が　ワガソ
93,世の中は　常にもがもな　渚漕ぐ,よのなかは　つねにもがもな　なぎさこぐ,よのなかは,,,世
94,み吉野の　山の秋風　さよ更けて,みよしのの　やまのあきかぜ　さよふけて,みよ,,,ミヨ　みよしの
95,おほけなく　憂き世の民に　おほふかな,おおけなく　うきよのたみに　おほふかな,おほけ,おおけ,おおう　おお,オオケ　うき世　ナク
96,花さそふ　嵐の庭の　雪ならで,はなさそふ　あらしのにはの　ゆきならで,はなさ,,,ハナサ　嵐の　にわの
97,来ぬ人を　松帆の浦の　夕なぎに,こぬひとを　まつほのうらの　ゆふなぎに,こぬ,,,コヌ　ヒト　まつ
98,風そよぐ　楢の小川の　夕暮は,かぜそよぐ　ならのをがはの　ゆふぐれは,かぜそ,,,カゼソ　ソヨグ　奈良
99,人も惜し　人も恨めし　あぢきなく,ひともをし　ひともうらめし　あぢきなく,ひとも,,あじき,ヒトも
100,百敷や　古き軒端の　しのぶにも,ももしきや　ふるきのきばの　しのぶにも,もも,,,モモ　古きの　シキヤ　桃
0,難波津に咲くやこの花 冬ごもり今は春べと咲くやこの花,なにわづに　さくやこのはな　ふゆごもり　いまははるべと　さくやこのはな,なにわづ,,,
