1,あきの,0.7,アキノ
2,はるす,0.7,ハル　スギ
3,あし,0.7,アシ
4,たご,0.7,田子
5,おく,0.7,オク
6,かさ,0.7,カサ
7,あまの,0.7,アマノ
8,わがい,0.8,わが　いよ
9,はなの,0.7,ハナ　ノイロ
10,これ,0.7,コレ
11,わたのはらや,2.5,ワタ　ハラ　シマ
12,あまつ,1.5,アマ　カゼ
13,つく,1.0,つく
14,みち,0.7,ミチ
15,きみがためは,2.0,キミ タメ ハル
16,たち,0.7,タチ
17,ちは,0.7,チハ
18,す,0.7,スミ
19,なにはが,0.7,なに わが
20,わび,0.7,わび
21,いまこ,1.0,イマ コン
22,ふ,0.7,フク
23,つき,0.7,ツキ
24,この,0.7,コノ
25,なにし,1.0,なに しお
26,をぐ,0.7,おぐ
27,みかの,1.2,ミカ 野原
28,やまざ,0.7,ヤマザ
29,こころあ,1.4,ココロ アテ
30,ありあ,0.9,アリア
31,あさぼらけあ,1.9,アサ ボラ アリ
32,やまが,1.4,ヤマ ワニ
33,ひさ,0.7,ヒサ
34,たれ,0.7,タレ
35,ひとは,0.5,ひとは
36,なつ,0.7,ナツ
37,しら,0.7,シラ
38,わすら,0.7,わすら
39,あさぢ,0.7,アサ ジフ
40,しの,0.9,シノブ
41,こひ,0.7,コイ
42,ちぎりき,1.2,リキ
43,あひ,0.7,アイ
44,あふこ,0.7,大胡
45,あはれ,1.0,あはれ
46,ゆら,0.7,ユラ
47,やへ,0.7,やえ
48,かぜを,1.6,カゼ イタ
49,みかき,1.2,ミカ キモ
50,きみがためを,1.9,キミ タメ オシ
51,かく,0.7,カク
52,あけ,0.7,あけ
53,なげき,0.9,なげ つつ
54,わすれ,0.7,わすれ
55,たき,0.7,タキ
56,あらざ,0.7,アラ ざらん
57,め,0.7,メグ
58,ありま,0.7,ありま
59,やす,0.7,ヤス
60,おほえ,0.7,大江
61,いに,0.7,いに
62,よを,0.7,よお
63,いまは,2.0,イマ タダ
64,あさぼらけう,1.9,アサ ボラ ウジ
65,うら,0.7,ウラ
66,もろ,0.7,モロ
67,はるの,0.7,はるの
68,こころに,1.1,ココロ ニモ
69,あらし,0.9,アラシ
70,さ,0.7,サビ
71,ゆふ,0.7,ユウ
72,おと,0.7,オト
73,たか,0.7 ,タカ
74,うか,0.7 ,うか
75,ちぎりお,1.5 ,リオ
76,わたのはらこ,2.1 ,ワタ ハラ コギ
77,せ,0.7 ,セオ
78,あはぢ,0.7 ,あわじ
79,あきか,1.4 ,アキ カゼ
80,ながか,0.7 ,ながら
81,ほ,0.7 ,ホト
82,おもひ,0.7 ,おも
83,よのなかよ,1.6 ,よの カヨ
84,ながら,0.7 ,ながら
85,よも,0.7 ,よも
86,なげけ,0.7 ,ケト
87,む,0.7 ,ムラ
88,なにはえ,0.7 ,なに わえ
89,たま,0.7 ,タマ
90,みせ,0.7 ,ミセ
91,きり,1.2 ,ギリ
92,わがそ,0.7 ,わが そで
93,よのなかは,2.0 ,よの ナカ
94,みよ,0.7 ,ミヨ
95,おほけ,1.0 ,王家
96,はなさ,0.7 ,はなさ
97,こぬ,0.7 ,こぬ
98,かぜそ,0.7 ,カゼ そよ
99,ひとも,1.2 ,ヒト モウ
100,もも,0.7 ,モモ
